ProfileID,UID,Risk Name
1001,1,High
1002,2,Medium
1003,3,Low
1004,4,High
1005,5,Medium
1006,6,Low
1007,7,High
1008,8,Medium
1009,9,Low
1010,10,High
1011,11,Medium
1012,12,Low
1013,13,High
1014,14,Medium
1015,15,Low
1016,16,High
1017,17,Medium
1018,18,Low
1019,19,High
1020,20,Medium
1021,21,Low
1022,22,High
1023,23,Medium
1024,24,Low
1025,25,High
1026,26,Medium
1027,27,Low
1028,28,High
1029,29,Medium
1030,30,Low
1031,31,High
1032,32,Medium
1033,33,Low
1034,34,High
1035,35,Medium
1036,36,Low
1037,37,High
1038,38,Medium
1039,39,Low
1040,40,High
1041,41,Medium
1042,42,Low
1043,43,High
1044,44,Medium
1045,45,Low
1046,46,High
1047,47,Medium
1048,48,Low
1049,49,High
1050,50,Medium
1051,51,Low
1052,52,High
1053,53,Medium
1054,54,Low
1055,55,High
1056,56,Medium
1057,57,Low
1058,58,High
1059,59,Medium
1060,60,Low
1061,61,High
1062,62,Medium
1063,63,Low
1064,64,High
1065,65,Medium
1066,66,Low
1067,67,High
1068,68,Medium
1069,69,Low
1070,70,High
1071,71,Medium
1072,72,Low
1073,73,High
1074,74,Medium
1075,75,Low
1076,76,High
1077,77,Medium
1078,78,Low
1079,79,High
1080,80,Medium
1081,81,Low
1082,82,High
1083,83,Medium
1084,84,Low
1085,85,High
1086,86,Medium
1087,87,Low
1088,88,High
1089,89,Medium
1090,90,Low
1091,91,High
1092,92,Medium
1093,93,Low
1094,94,High
1095,95,Medium
1096,96,Low
1097,97,High
1098,98,Medium
1099,99,Low
1100,100,High
1101,101,Medium
1102,102,Low
1103,103,High
1104,104,Medium
1105,105,Low
1106,106,High
1107,107,Medium
1108,108,Low
1109,109,High
